system:index,Class,Longitude,latitude
1_1_1_1_0,0,34.13998584,-9.819295349
1_1_1_1_1,0,34.23886279,-10.04654978
1_1_1_1_2,0,34.41464404,-10.46816774
1_1_1_1_3,0,34.46957568,-11.21269107
1_1_1_1_4,0,34.49154834,-11.52504267
1_1_1_1_5,0,34.3597124,-11.98754367
1_1_1_1_6,0,34.24984912,-12.49216182
1_1_1_1_7,0,34.33773974,-12.57795742
1_1_1_1_8,0,34.42563037,-12.86730495
1_1_1_1_9,0,34.42563037,-13.17771408
1_1_1_1_10,0,34.52450732,-13.39156073
1_1_1_1_11,0,34.73324755,-13.59453925
1_1_1_1_12,0,34.76620654,-13.90401278
1_1_1_1_13,0,34.60141162,-14.05326642
1_1_1_1_14,0,34.92001513,-13.90401278
1_1_1_1_15,0,35.0628374,-14.0319504
1_1_1_1_16,0,35.2605913,-14.62803952
1_1_1_1_17,0,35.22213916,-14.69712502
1_1_1_1_18,0,35.09030322,-14.16514287
1_1_1_1_19,0,34.7112749,-14.09056467
1_1_1_1_20,0,34.38717822,-12.86730495
1_1_1_1_21,0,35.25784472,-14.68283272
1_1_1_1_22,0,35.21115283,-14.58450578
1_1_1_1_23,0,35.2770708,-14.95764683
1_1_1_1_24,0,35.2454851,-14.99479288
1_1_1_1_25,0,35.64785937,-15.23740937
1_1_1_1_26,0,35.71515063,-15.31689511
1_1_1_1_27,0,35.74398974,-15.16584651
1_1_1_1_28,0,35.59842089,-15.311597
1_1_1_1_29,0,35.75222949,-15.35000527
1_1_1_1_30,0,35.67257861,-15.35397813
1_1_1_1_31,0,35.78793505,-15.64842032
1_1_1_1_32,0,35.79411486,-15.64974271
1_1_1_1_33,0,35.80235461,-15.64908152
1_1_1_1_34,0,35.79136828,-15.65569334
1_1_1_1_35,0,35.77969531,-15.64842032
1_1_1_1_36,0,35.811281,-15.64974271
1_1_1_1_37,0,35.76131939,-15.35132939
1_1_1_1_38,0,35.73385357,-15.38575817
1_1_1_1_39,0,35.65969585,-15.37781357
1_1_1_1_40,0,35.70089459,-15.44665666
1_1_1_1_41,0,35.76406597,-15.46254028
1_1_1_1_42,0,35.77779888,-15.36986867
1_1_1_1_43,0,35.72836041,-15.21620792
1_1_1_1_44,0,35.67068218,-15.25065892
1_1_1_1_45,0,35.22985577,-14.71441425
1_1_1_1_46,0,35.23534893,-14.7263682
1_1_1_1_47,0,35.31225323,-14.64267685
1_1_1_1_48,0,35.21886944,-14.62141681
1_1_1_1_49,0,35.23397564,-14.55230748
1_1_1_1_50,0,35.2462283,-14.35221652
1_1_1_1_51,0,35.18031033,-14.3056466
1_1_1_1_52,0,35.18717678,-14.33092861
1_1_1_1_53,0,35.14597805,-14.22179643
1_1_1_1_54,0,35.04435452,-14.11394339
1_1_1_1_55,0,34.99903591,-14.10861599
1_1_1_1_56,0,34.70515164,-14.14057853
1_1_1_1_57,0,34.71339138,-14.19117671
1_1_1_1_58,0,34.75870998,-14.21114656
1_1_1_1_59,0,34.7710696,-14.10595224
1_1_1_1_60,0,34.82462795,-14.09396499
1_1_1_1_61,0,34.69691189,-13.94473779
1_1_1_1_62,0,34.63099392,-13.95673284
1_1_1_1_63,0,34.62275417,-14.10462035
1_1_1_1_64,0,34.96333035,-14.024693
1_1_1_1_65,0,34.88779934,-13.9660619
1_1_1_1_66,0,35.02650173,-13.96739459
1_1_1_1_67,0,34.93174465,-13.950069
1_1_1_1_68,0,34.73124416,-13.71938212
1_1_1_1_69,0,34.70240505,-13.80341594
1_1_1_1_70,0,34.76557644,-13.72605257
1_1_1_1_71,0,34.62412747,-13.59127275
1_1_1_1_72,0,34.4813052,-13.54321385
1_1_1_1_73,0,34.44834622,-13.47644926
1_1_1_1_74,0,34.43049343,-13.32816534
1_1_1_1_75,0,34.3137637,-13.14368561
1_1_1_1_76,0,34.3123904,-13.14903481
1_1_1_1_77,0,34.21248348,-12.95296396
1_1_1_1_78,0,34.20870693,-12.92853794
1_1_1_1_79,0,34.21162518,-12.95497148
1_1_1_1_80,0,34.21351345,-12.95547335
1_1_1_1_81,0,34.27016171,-12.95940467
1_1_1_1_82,0,34.27016171,-12.95957196
1_1_1_1_83,0,34.21003939,-12.93004372
1_1_1_1_84,0,34.20694949,-12.92686483
1_1_1_1_85,0,34.20815111,-12.92954179
1_1_1_1_86,0,34.2139876,-12.95070549
1_1_1_1_87,0,34.21364428,-12.95564064
1_1_1_1_88,0,34.21158434,-12.95580793
1_1_1_1_89,0,34.28670138,-12.87037977
1_1_1_1_90,0,34.28567141,-12.86920832
1_1_1_1_91,0,34.26621168,-12.78916072
1_1_1_1_92,0,34.26698416,-12.78924442
1_1_1_1_93,0,34.26814288,-12.78928627
1_1_1_1_94,0,34.26882952,-12.78953737
1_1_1_1_95,0,34.26955908,-12.78953737
1_1_1_1_96,0,34.26994532,-12.78995588
1_1_1_1_97,0,34.26131934,-12.78966292
1_1_1_1_98,0,34.26046103,-12.78983033
1_1_1_1_99,0,34.25844401,-12.79066734
1_1_1_1_100,0,34.2522642,-12.79133694
1_1_1_1_101,0,34.2511484,-12.79100214
1_1_1_1_102,0,34.3450917,-12.75274927
1_1_1_1_103,0,34.47143447,-12.76346435
1_1_1_1_104,0,34.22973526,-12.65629311
1_1_1_1_105,0,33.6809365,-14.16935028
1_1_1_1_106,0,33.67201011,-14.16136108
1_1_1_1_107,0,33.66274039,-14.16202685
1_1_1_1_108,0,33.63630454,-14.17700634
1_1_1_1_109,0,33.63321463,-14.1810007
1_1_1_1_110,0,33.76384143,-14.22372218
1_1_1_1_111,0,33.80572681,-14.1761271
1_1_1_1_112,0,33.73637561,-14.18844287
1_1_1_1_113,0,33.88640766,-14.10255143
1_1_1_1_114,0,33.80813007,-14.11720187
1_1_1_1_115,0,35.8344876,-14.8212449
1_1_1_1_116,0,35.83998076,-14.82655523
1_1_1_1_117,0,35.82899443,-14.84248545
1_1_1_1_118,0,34.74924437,-15.89288147
1_1_1_1_119,0,34.75096098,-15.89288147
1_1_1_1_120,0,34.75988738,-15.92061631
1_1_1_1_121,0,34.7602307,-15.93283162
1_1_1_1_122,0,34.76091734,-15.93811369
1_1_1_1_123,0,34.76606719,-15.94768709
1_1_1_1_124,0,34.77396361,-15.95626975
1_1_1_1_125,0,34.78048674,-15.96320163
1_1_1_1_126,0,34.78904827,-15.98166475
1_1_1_1_127,0,34.78767498,-15.99552651
1_1_1_1_128,0,34.8075877,-16.0324865
1_1_1_1_129,0,34.81411083,-16.03050667
1_1_1_1_130,0,34.81685741,-16.02984672
1_1_1_1_131,0,34.82166393,-16.03677605
1_1_1_1_132,0,34.82784374,-16.04403509
1_1_1_1_133,0,34.84191997,-16.04337519
1_1_1_1_134,0,34.82990368,-16.06976954
1_1_1_1_135,0,34.82818706,-16.07372839
1_1_1_1_136,0,34.8333369,-16.07867684
1_1_1_1_137,0,34.83883007,-16.0829654
1_1_1_1_138,0,34.85324962,-16.0882435
1_1_1_1_139,0,34.87522228,-16.09747984
1_1_1_1_140,0,34.87728222,-16.10341726
1_1_1_1_141,0,34.89554064,-16.12860414
1_1_1_1_142,0,34.89279406,-16.12415166
1_1_1_1_143,0,34.8979439,-16.13585982
1_1_1_1_144,0,34.90566866,-16.1375088
1_1_1_1_145,0,34.90858691,-16.1414663
1_1_1_1_146,0,34.90584033,-16.14773218
1_1_1_1_147,0,34.90704196,-16.15234902
1_1_1_1_148,0,34.9099602,-16.15548181
1_1_1_1_149,0,34.91408007,-16.15779015
1_1_1_1_150,0,34.9175133,-16.15943895
1_1_1_1_151,0,34.9175133,-16.16092286
1_1_1_1_152,0,34.92592471,-16.16801248
1_1_1_1_153,0,34.91957324,-16.16603401
1_1_1_1_154,0,34.91047518,-16.20543489
1_1_1_1_155,0,34.93210452,-16.19587389
1_1_1_1_156,0,34.92918627,-16.18812585
1_1_1_1_157,0,34.93364947,-16.19587389
1_1_1_1_158,0,34.93811266,-16.19702783
1_1_1_1_159,0,34.9326195,-16.204281
1_1_1_1_160,0,34.94618075,-16.23378547
1_1_1_1_161,0,34.95476382,-16.23757622
1_1_1_1_162,0,34.95854037,-16.24103728
1_1_1_1_163,0,35.52552307,-15.91875805
1_1_1_1_164,0,34.03085875,-11.45542735
1_1_1_1_165,0,34.03070854,-11.45546941
1_1_1_1_166,0,35.11502417,-15.85594058
1_1_1_1_167,0,35.11498662,-15.85604379
1_1_1_1_168,0,35.11481764,-15.85624504
1_1_1_1_169,0,35.03973089,-15.79194667
1_1_1_1_170,0,35.04153333,-15.79196732
1_1_1_1_171,0,35.04101835,-15.79029484
1_1_1_1_172,0,35.0407394,-15.79184343
1_1_1_1_173,0,35.04022441,-15.79262804
1_1_1_1_174,0,35.03904424,-15.79221509
1_1_1_1_175,0,35.04213415,-15.79207056
1_1_1_1_176,0,35.04305683,-15.79124464
1_1_1_1_177,0,35.04372201,-15.79171954
1_1_1_1_178,0,35.044237,-15.79225639
1_1_1_1_179,0,33.59483496,-13.86185415
1_1_1_1_180,0,33.59374062,-13.86035418
1_1_1_1_181,0,33.59500663,-13.86245829
1_1_1_1_182,0,33.59474913,-13.86299994
1_1_1_1_183,0,33.82487979,-9.955026853
1_1_1_1_184,0,33.82539477,-9.953251542
1_1_1_1_185,0,33.82584538,-9.951138064
1_1_1_1_186,0,33.82359233,-9.956400599
1_1_1_1_187,0,33.8120481,-9.954118064
1_1_1_1_188,0,33.81088939,-9.954350545
1_1_1_1_189,0,33.97993155,-9.989048544
1_1_1_1_190,0,34.02456351,-10.02623943
1_1_1_1_191,0,34.03005668,-9.939679533
1_1_1_1_192,0,33.99641105,-9.904508017
1_1_1_1_193,0,34.32585023,-10.94576475
1_1_1_1_194,0,34.32859681,-11.37151969
1_1_1_1_195,0,35.66193393,-15.08890488
1_1_1_1_196,0,35.59876254,-15.08094906
1_1_1_1_197,0,35.73883822,-15.07564502
1_1_1_1_198,0,35.64545444,-15.12602807
1_1_1_1_199,0,35.63172153,-15.42542602
1_1_1_1_200,0,35.7580643,-15.47043107
1_1_1_1_201,0,35.7278519,-15.51277983
1_1_1_1_202,0,35.25784305,-14.74089352
1_1_1_1_203,0,35.24308017,-14.74155756
1_1_1_1_204,0,35.21424106,-14.71665451
1_1_1_1_205,0,35.20256808,-14.67746795
1_1_1_1_206,0,35.25372317,-14.57614817
1_1_1_1_207,0,35.22076419,-14.5605308
1_1_1_1_208,0,35.20153811,-14.56485061
1_1_1_1_209,0,35.19158175,-14.58943867
1_1_1_1_210,0,35.19158175,-14.6090407
1_1_1_1_211,0,35.24274718,-14.41164633
1_1_1_1_212,0,35.23725402,-14.41829662
1_1_1_1_213,0,35.23347747,-14.39834516
1_1_1_1_214,0,35.25373351,-14.37772679
1_1_1_1_215,0,35.23769129,-14.44141498
1_1_1_1_216,0,35.23889292,-14.4476488
1_1_1_1_217,0,35.24455774,-14.45089031
1_1_1_1_218,0,35.25073755,-14.45222015
1_1_1_1_219,0,35.25854815,-14.45629273
1_1_1_1_220,0,35.26404131,-14.4573732
1_1_1_1_221,0,35.26532877,-14.46019902
1_1_1_1_222,0,35.26816118,-14.46410523
1_1_1_1_223,0,35.27013529,-14.46909179
1_1_1_2_0,2,35.52138174,-15.92125485
1_1_1_2_1,2,35.5202874,-15.9195009
1_1_1_2_2,2,35.52054489,-15.91751996
1_1_1_2_3,2,35.51432216,-15.91799456
1_1_1_2_4,2,35.51271284,-15.9180152
1_1_1_2_5,2,35.51865661,-15.91782948
1_1_1_2_6,2,35.51859224,-15.91704536
1_1_1_2_7,2,35.54441265,-15.92702957
1_1_1_2_8,2,35.57634167,-15.94139029
1_1_1_2_9,2,35.57316593,-15.93709869
1_1_1_2_10,2,35.58080486,-15.94518663
1_1_1_2_11,2,35.58243565,-15.94724982
1_1_1_2_12,2,35.58810047,-15.94683719
1_1_1_2_13,2,35.59367947,-15.949313
1_1_1_2_14,2,35.60655407,-15.94543421
1_1_1_2_15,2,35.59127621,-15.93660349
1_1_1_2_16,2,35.58835796,-15.93775894
1_1_1_2_17,2,35.57934574,-15.93932703
1_1_1_2_18,2,35.57471088,-15.95187131
1_1_1_2_19,2,35.59222034,-15.95624512
1_1_1_2_20,2,35.59402279,-15.95954604
1_1_1_2_21,2,35.59385113,-15.97109885
1_1_1_2_22,2,35.59419445,-15.96342456
1_1_1_2_23,2,35.59513859,-15.95855577
1_1_1_2_24,2,35.63985638,-15.96152657
1_1_1_2_25,2,35.64294628,-15.96111396
1_1_1_2_26,2,35.60312084,-15.95599755
1_1_1_2_27,2,35.53402714,-15.96177414
1_1_1_2_28,2,35.52964977,-15.96193918
1_1_1_2_29,2,35.52904896,-15.96210422
1_1_1_2_30,2,35.54046444,-15.9583082
1_1_1_2_31,2,35.62532933,-15.91744356
1_1_1_2_32,2,35.62464268,-15.90093493
1_1_1_2_33,2,35.53537877,-15.89532168
1_1_1_2_34,2,35.5312589,-15.89598207
1_1_1_2_35,2,35.68815739,-15.88739684
1_1_1_2_36,2,35.66652806,-15.90654801
1_1_1_2_37,2,35.62223943,-15.92800837
1_1_1_2_38,2,34.18470198,-14.04757978
1_1_1_2_39,2,34.18573731,-14.04741846
1_1_1_2_40,2,34.18347889,-14.04709581
1_1_1_2_41,2,34.18344671,-14.04690326
1_1_1_2_42,2,34.18289417,-14.04649214
1_1_1_2_43,2,34.18280834,-14.04673673
1_1_1_2_44,2,34.17990083,-14.04776192
1_1_1_2_45,2,34.17927855,-14.04765784
1_1_1_2_46,2,34.1795575,-14.04863619
1_1_1_2_47,2,34.17973989,-14.04857894
1_1_1_2_48,2,34.18022269,-14.04813661
1_1_1_2_49,2,34.18021733,-14.04818865
1_1_1_2_50,2,34.17976672,-14.04979147
1_1_1_2_51,2,34.18131703,-14.0498331
1_1_1_2_52,2,34.1813975,-14.04986432
1_1_1_2_53,2,34.18210024,-14.05061264
1_1_1_2_54,2,34.18176764,-14.05008184
1_1_1_2_55,2,34.18176228,-14.05013388
1_1_1_2_56,2,34.18147544,-14.05336485
1_1_1_2_57,2,34.18139229,-14.05333363
1_1_1_2_58,2,34.18141911,-14.05326078
1_1_1_2_59,2,34.18143789,-14.05335445
1_1_1_2_60,2,34.18129037,-14.05346893
1_1_1_2_61,2,34.18088267,-14.05359122
1_1_1_2_62,2,34.18072174,-14.05353138
1_1_1_2_63,2,34.18094973,-14.05346633
1_1_1_2_64,2,34.18062518,-14.05323996
1_1_1_2_65,2,34.18125818,-14.05426252
1_1_1_2_66,2,34.17919739,-14.05462533
1_1_1_2_67,2,34.17918398,-14.05465135
1_1_1_2_68,2,34.17915179,-14.0545915
1_1_1_2_69,2,34.17877556,-14.0549482
1_1_1_2_70,2,34.17930932,-14.05500284
1_1_1_2_71,2,34.17933882,-14.05513554
1_1_1_2_72,2,34.17937906,-14.05511212
1_1_1_2_73,2,34.17944879,-14.05505748
1_1_1_2_74,2,34.17948098,-14.05509391
1_1_1_2_75,2,34.18094217,-14.05461255
1_1_1_2_76,2,34.03010278,-11.44639737
1_1_1_2_77,2,34.02995257,-11.44658665
1_1_1_2_78,2,34.03523116,-11.44263282
1_1_1_2_79,2,34.03838544,-11.44273797
1_1_1_2_80,2,34.02967362,-11.44649201
1_1_1_2_81,2,34.03143315,-11.44780644
1_1_1_2_82,2,34.02678757,-11.44555614
1_1_1_2_83,2,34.02318591,-11.45303245
1_1_1_2_84,2,34.02517075,-11.45309554
1_1_1_2_85,2,34.02573938,-11.4520335
1_1_1_2_86,2,34.02264435,-11.45153426
1_1_1_2_87,2,34.02195234,-11.45101376
1_1_1_2_88,2,34.02193625,-11.4507719
1_1_1_2_89,2,34.02197916,-11.45081922
1_1_1_2_90,2,34.02332563,-11.45305371
1_1_1_2_91,2,34.02328271,-11.45322721
1_1_1_2_92,2,34.02330954,-11.45341123
1_1_1_2_93,2,34.02541734,-11.45354702
1_1_1_2_94,2,34.02530468,-11.45312116
1_1_1_2_95,2,34.02437664,-11.4541003
1_1_1_2_96,2,34.02607382,-11.45491114
1_1_1_2_97,2,34.0262723,-11.45492691
1_1_1_2_98,2,34.02615429,-11.45497948
1_1_1_2_99,2,34.02656198,-11.45513721
1_1_1_2_100,2,34.02666391,-11.455337
1_1_1_2_101,2,34.01975553,-11.45546554
1_1_1_2_102,2,34.01977431,-11.45556281
1_1_1_2_103,2,34.01989501,-11.45565218
1_1_1_2_104,2,34.01995134,-11.45569162
1_1_1_2_105,2,34.01936661,-11.45838873
1_1_1_2_106,2,34.01935589,-11.45817317
1_1_1_2_107,2,34.01901793,-11.45807328
1_1_1_2_108,2,34.01921105,-11.45795235
1_1_1_2_109,2,35.08969536,-15.84006367
1_1_1_2_110,2,35.08958807,-15.83965081
1_1_1_2_111,2,35.0950436,-15.83552202
1_1_1_2_112,2,35.09485048,-15.83553234
1_1_1_2_113,2,35.11141149,-15.84543645
1_1_1_2_114,2,35.11129884,-15.84539
1_1_1_2_115,2,35.10976462,-15.84520164
1_1_1_2_116,2,35.10980753,-15.84526357
1_1_1_2_117,2,35.10989336,-15.84531259
1_1_1_2_118,2,35.11073021,-15.84440175
1_1_1_2_119,2,35.11075972,-15.84442755
1_1_1_2_120,2,35.12445078,-15.84151091
1_1_1_2_121,2,35.12464121,-15.8416554
1_1_1_2_122,2,35.12464121,-15.84149542
1_1_1_2_123,2,35.12543331,-15.84135734
1_1_1_2_124,2,35.12577127,-15.84148636
1_1_1_2_125,2,35.12656891,-15.84130574
1_1_1_2_126,2,35.12766593,-15.84128509
1_1_1_2_127,2,35.12833672,-15.84189417
1_1_1_2_128,2,35.12825357,-15.84196384
1_1_1_2_129,2,35.12795048,-15.84193803
1_1_1_2_130,2,35.128444,-15.84189159
1_1_1_2_131,2,35.12883935,-15.84144692
1_1_1_2_132,2,35.12969885,-15.84141579
1_1_1_2_133,2,35.12984637,-15.84126355
1_1_1_2_134,2,35.12919402,-15.84186531
1_1_1_2_135,2,35.12839827,-15.84217616
1_1_1_2_136,2,35.12834194,-15.8423929
1_1_1_2_137,2,35.12836072,-15.84244709
1_1_1_2_138,2,35.12794516,-15.84260227
1_1_1_2_139,2,35.12753209,-15.84301512
1_1_1_2_140,2,35.12896365,-15.8431976
1_1_1_2_141,2,35.12846744,-15.84337307
1_1_1_2_142,2,35.12904867,-15.84372037
1_1_1_2_143,2,35.12917741,-15.8437436
1_1_1_2_144,2,35.12714108,-15.8435382
1_1_1_2_145,2,35.12657835,-15.84409296
1_1_1_2_146,2,35.12658371,-15.84417811
1_1_1_2_147,2,35.12608482,-15.84366721
1_1_1_2_148,2,35.12592657,-15.8437343
1_1_1_2_149,2,35.1258166,-15.8438788
1_1_1_2_150,2,35.12588097,-15.84390718
1_1_1_2_151,2,35.06577939,-15.78396897
1_1_1_2_152,2,35.06577403,-15.78436129
1_1_1_2_153,2,35.06559164,-15.78382443
1_1_1_2_154,2,35.06603689,-15.78357148
1_1_1_2_155,2,35.06581158,-15.78345275
1_1_1_2_156,2,35.06565601,-15.78402059
1_1_1_2_157,2,35.04099975,-15.78255742
1_1_1_2_158,2,35.0408871,-15.78264002
1_1_1_2_159,2,35.04073689,-15.78315624
1_1_1_2_160,2,35.04043112,-15.78309429
1_1_1_2_161,2,35.02837103,-15.78394068
1_1_1_2_162,2,35.03584287,-15.78102165
1_1_1_2_163,2,35.04506967,-15.77922519
1_1_1_2_164,2,35.04513404,-15.77982401
1_1_1_2_165,2,34.9367587,-15.64517661
1_1_1_2_166,2,34.93748826,-15.64538324
1_1_1_2_167,2,34.93693036,-15.64565186
1_1_1_2_168,2,34.93708057,-15.64583782
1_1_1_2_169,2,33.55887533,-13.74770774
1_1_1_2_170,2,33.55904699,-13.74781196
1_1_1_2_171,2,33.53561521,-13.7394121
1_1_1_2_172,2,33.53548647,-13.73924535
1_1_1_2_173,2,33.52898113,-13.72221774
1_1_1_2_174,2,33.90300304,-11.36780178
1_1_1_2_175,2,33.92394573,-11.3698213
1_1_1_2_176,2,33.9067865,-9.959205885
1_1_1_2_177,2,33.90674894,-9.959322124
1_1_1_2_178,2,33.90878206,-9.959026244
1_1_1_2_179,2,33.90873378,-9.95924287
1_1_1_2_180,2,33.9086104,-9.959306273
1_1_1_2_181,2,33.88924466,-9.953711855
1_1_1_2_182,2,33.88887988,-9.953236324
1_1_1_2_183,2,33.88885842,-9.953637883
1_1_1_2_184,2,33.88589726,-9.953511075
1_1_1_2_185,2,33.88542519,-9.953511075
1_1_1_2_186,2,33.88959871,-9.94813225
1_1_1_2_187,2,33.88938413,-9.94796317
1_1_1_2_188,2,33.88925538,-9.947730684
1_1_1_2_189,2,33.88918028,-9.947741252
1_1_1_2_190,2,33.88548856,-9.945765939
1_1_1_2_191,2,33.88550465,-9.945871615
1_1_1_2_192,2,33.88535981,-9.945470046
1_1_1_2_193,2,33.88520961,-9.94514245
1_1_1_2_194,2,33.88483947,-9.944962801
1_1_1_2_195,2,33.86700803,-9.9457756
1_1_1_2_196,2,33.86685246,-9.945881276
1_1_1_2_197,2,33.86686855,-9.946166601
1_1_1_2_198,2,33.86705094,-9.946261709
1_1_1_2_199,2,33.86719042,-9.945875992
1_1_1_2_200,2,33.86752506,-9.942305902
1_1_1_2_201,2,33.86753847,-9.94230326
1_1_1_2_202,2,33.86756395,-9.942309864
1_1_1_2_203,2,33.86751701,-9.942142102
1_1_1_2_204,2,33.86751299,-9.942176447
1_1_1_2_205,2,33.86748751,-9.942183052
1_1_1_2_206,2,33.8675036,-9.942185694
1_1_1_2_207,2,33.86670221,-9.941957956
1_1_1_2_208,2,33.86670892,-9.941973807
1_1_1_2_209,2,33.86682693,-9.94212836
1_1_1_2_210,2,33.8668162,-9.942121755
1_1_1_2_211,2,33.86944178,-9.942779594
1_1_1_2_212,2,33.86943508,-9.942689768
1_1_1_2_213,2,33.86942033,-9.942572202
1_1_1_2_214,2,33.86945117,-9.942901122
1_1_1_2_215,2,33.86886913,-9.942856209
1_1_1_2_216,2,33.86893485,-9.942868098
1_1_1_2_217,2,33.86377949,-9.940869412
1_1_1_2_218,2,33.86396725,-9.94086677
1_1_1_2_219,2,33.86412818,-9.940832425
1_1_1_2_220,2,33.86423547,-9.940816573
1_1_1_2_221,2,33.86439104,-9.940769018
1_1_1_2_222,2,33.86469413,-9.940679192
1_1_1_2_223,2,33.86473972,-9.940628995
1_1_1_2_224,2,33.8417729,-9.942143436
1_1_1_2_225,2,33.84138666,-9.942291384
1_1_1_2_226,2,33.84082876,-9.942249113
1_1_1_2_227,2,33.8413652,-9.942227977
1_1_1_2_228,2,33.84168707,-9.9421223
1_1_1_2_229,2,33.84115062,-9.942249113
1_1_1_2_230,2,33.84093605,-9.94235479
1_1_1_2_231,2,33.84162269,-9.952744496
1_1_1_2_232,2,33.84245954,-9.951666622
1_1_1_2_233,2,33.84245954,-9.950800093
1_1_1_2_234,2,33.83709972,-9.953176956
1_1_1_2_235,2,33.83710508,-9.953921954
1_1_1_2_236,2,33.83696024,-9.954032911
1_1_1_2_237,2,33.83641844,-9.954291811
1_1_1_2_238,2,33.83559232,-9.95380043
1_1_1_2_239,2,33.8353992,-9.953890252
1_1_1_2_240,2,33.83545284,-9.95324036
1_1_1_2_241,2,33.8356406,-9.953298481
1_1_1_2_242,2,33.83621995,-9.953118836
1_1_1_2_243,2,33.83641307,-9.953044864
1_1_1_2_244,2,33.83652036,-9.952736771
1_1_1_2_245,2,33.83675103,-9.952668083
1_1_1_2_246,2,33.83697097,-9.952652232
1_1_1_2_247,2,33.83625214,-9.952240104
1_1_1_2_248,2,33.83620922,-9.952609963
1_1_1_2_249,2,33.83603756,-9.952425034
1_1_1_2_250,2,33.83621459,-9.951928366
1_1_1_2_251,2,33.8364238,-9.951991771
1_1_1_2_252,2,33.83662765,-9.952197835
1_1_1_2_253,2,33.83696024,-9.95221897
1_1_2_0,3,35.22005691,-15.85252885
1_1_2_1,3,35.22012129,-15.85135227
1_1_2_2,3,35.21999254,-15.8543453
1_1_2_3,3,35.220014,-15.85372606
1_1_2_4,3,35.22793772,-15.85247529
1_1_2_5,3,35.22838833,-15.85257849
1_1_2_6,3,35.22939684,-15.85288812
1_1_2_7,3,35.23145678,-15.85361057
1_1_2_8,3,35.23407461,-15.85087327
1_1_2_9,3,35.23313047,-15.85013016
1_1_2_10,3,35.23216488,-15.84988246
1_1_2_11,3,35.23089888,-15.84918064
1_1_2_12,3,35.22952559,-15.84988246
1_1_2_13,3,35.2334738,-15.847199
1_1_2_14,3,35.22659386,-15.84866507
1_1_2_15,3,35.22373999,-15.84876828
1_1_2_16,3,35.22335375,-15.84903662
1_1_2_17,3,35.22320355,-15.84924304
1_1_2_18,3,35.22290314,-15.84942882
1_1_2_19,3,35.21923388,-15.84713756
1_1_2_20,3,35.21760309,-15.84606416
1_1_2_21,3,35.21680916,-15.84598159
1_1_2_22,3,35.22007073,-15.84606416
1_1_2_23,3,35.20908054,-15.83541007
1_1_2_24,3,35.20948824,-15.83483205
1_1_2_25,3,35.20950969,-15.83382053
1_1_2_26,3,35.20983156,-15.83602937
1_1_2_27,3,35.20948824,-15.83629773
1_1_2_28,3,35.20830806,-15.83708217
1_1_2_29,3,35.20775016,-15.83794918
1_1_2_30,3,35.20732101,-15.83842397
1_1_2_31,3,35.09654007,-15.76470199
1_1_2_32,3,35.09761295,-15.76385532
1_1_2_33,3,35.09765587,-15.76226521
1_1_2_34,3,35.09862146,-15.76160439
1_1_2_35,3,35.1006814,-15.76269888
1_1_2_36,3,35.10117492,-15.76313254
1_1_2_37,3,35.10287008,-15.76288474
1_1_2_38,3,35.10392151,-15.76286409
1_1_2_39,3,35.10226927,-15.76527588
1_1_2_40,3,35.10023079,-15.76529654
1_1_2_41,3,35.09887895,-15.76575085
1_1_2_42,3,35.09834251,-15.76637036
1_1_2_43,3,35.09525261,-15.76822888
1_1_2_44,3,35.08398483,-15.75684816
1_1_2_45,3,35.08432815,-15.75620796
1_1_2_46,3,35.08431742,-15.75767421
1_1_2_47,3,35.08467148,-15.75677588
1_1_2_48,3,35.08213947,-15.7564248
1_1_2_49,3,35.08231113,-15.75713727
1_1_2_50,3,35.08201072,-15.75729216
1_1_2_51,3,35.08467148,-15.75888369
1_1_2_52,3,35.0849397,-15.75930704
1_1_2_53,3,35.0852401,-15.75897662
1_1_2_54,3,35.08526156,-15.75840871
1_1_2_55,3,35.08458565,-15.75761364
1_1_2_56,3,35.08360932,-15.75854295
1_1_2_57,3,35.08424441,-15.7550425
1_1_2_58,3,35.08336464,-15.75375177
1_1_2_59,3,35.08606831,-15.75403057
1_1_2_60,3,35.08502761,-15.75280179
1_1_2_61,3,35.08443752,-15.75319417
1_1_2_62,3,35.08664766,-15.75361753
1_1_2_63,3,35.08776346,-15.75395829
1_1_2_64,3,35.08955518,-15.75437132
1_1_2_65,3,35.08886853,-15.75268821
1_1_2_66,3,35.09236613,-15.75124258
1_1_2_67,3,35.09090701,-15.75113932
1_1_2_68,3,35.09092847,-15.75028226
1_1_2_69,3,35.09349266,-15.75032356
1_1_2_70,3,35.09445826,-15.75104638
1_1_2_71,3,35.09502689,-15.75150073
1_1_2_72,3,35.09811903,-15.71342331
1_1_2_73,3,35.07151206,-15.69517596
1_1_2_74,3,35.0714906,-15.6944736
1_1_2_75,3,35.07052501,-15.69475248
1_1_2_76,3,35.06614764,-15.69487643
1_1_2_77,3,35.06438811,-15.69515531
1_1_2_78,3,35.06256421,-15.69423604
1_1_2_79,3,35.06142695,-15.69413275
1_1_2_80,3,35.06862627,-15.68997731
1_1_2_81,3,35.06862091,-15.68978622
1_1_2_82,3,35.06908224,-15.68980172
1_1_2_83,3,35.06909297,-15.68964162
1_1_2_84,3,35.06941484,-15.68944536
1_1_2_85,3,35.06945775,-15.68976557
1_1_2_86,3,35.06937729,-15.6899205
1_1_2_87,3,35.06739664,-15.68769088
1_1_2_88,3,35.06721961,-15.68814537
1_1_2_89,3,35.06800191,-15.68770363
1_1_2_90,3,35.06795899,-15.68721816
1_1_2_91,3,35.06878511,-15.6873576
1_1_2_92,3,35.06963269,-15.68760034
1_1_2_93,3,35.06878511,-15.68749704
1_1_2_94,3,35.06892995,-15.68732661
1_1_2_95,3,35.06817893,-15.68784824
1_1_2_96,3,34.97156107,-15.6687071
1_1_2_97,3,34.96909343,-15.66875875
1_1_2_98,3,34.96905052,-15.66902734
1_1_2_99,3,34.97098171,-15.67026695
1_1_2_100,3,34.97175418,-15.67063883
1_1_2_101,3,34.9725052,-15.67085576
1_1_2_102,3,34.97070276,-15.66631049
1_1_2_103,3,34.96950113,-15.66418245
1_1_2_104,3,34.97006976,-15.66449236
1_1_2_105,3,34.96839606,-15.66437872
1_1_2_106,3,34.97590624,-15.66495722
1_1_2_107,3,34.97636758,-15.66361428
1_1_2_108,3,34.97356736,-15.66367626
1_1_2_109,3,34.94785907,-15.65620724
1_1_2_110,3,34.94882467,-15.65792215
1_1_2_111,3,34.95350244,-15.65721966
1_1_2_112,3,34.9557555,-15.65345924
1_1_2_113,3,34.95429637,-15.65259144
1_1_2_114,3,34.95911332,-15.65306724
1_1_2_115,3,34.95877,-15.65166223
1_1_2_116,3,34.95967122,-15.65191017
1_1_2_117,3,34.95926353,-15.65106303
1_1_2_118,3,34.93150157,-15.64988765
1_1_2_119,3,34.93101878,-15.64891652
1_1_2_120,3,34.93107242,-15.64755281
1_1_2_121,3,34.93061108,-15.64623041
1_1_2_122,3,34.92948455,-15.64937109
1_1_2_123,3,34.92932362,-15.65060049
1_1_2_124,3,34.93108315,-15.65048685
1_1_2_125,3,34.93317527,-15.65081745
1_1_2_126,3,34.92822928,-15.64716022
1_1_2_127,3,34.92835802,-15.64801771
1_1_2_128,3,33.56839377,-13.89501402
1_1_2_129,3,33.56779296,-13.89447245
1_1_2_130,3,33.56425244,-13.89447245
1_1_2_131,3,33.56399495,-13.89328514
1_1_2_132,3,33.5609265,-13.89318099
1_1_2_133,3,33.55882365,-13.89368091
1_1_2_134,3,33.55637748,-13.89361842
1_1_2_135,3,33.55421025,-13.89378506
1_1_2_136,3,33.55032641,-13.89334763
1_1_2_137,3,33.54942519,-13.89524315
1_1_2_138,3,33.54395348,-13.89380589
1_1_2_139,3,33.54453284,-13.89578472
1_1_2_140,3,33.54590613,-13.89188954
1_1_2_141,3,33.5413571,-13.89197286
1_1_2_142,3,33.53914696,-13.89451411
1_1_2_143,3,33.55755765,-13.89138961
1_1_2_144,3,33.55599124,-13.89188954
1_1_2_145,3,33.5532232,-13.89141044
1_1_2_146,3,33.5642739,-13.88824425
1_1_2_147,3,33.56393058,-13.88868169
1_1_2_148,3,33.57062537,-13.88522382
1_1_2_149,3,33.57169825,-13.88424478
1_1_2_150,3,33.57296426,-13.88424478
1_1_2_151,3,33.57324321,-13.88553628
1_1_2_152,3,33.57377965,-13.8859529
1_1_2_153,3,33.57146222,-13.88874418
1_1_2_154,3,33.57028205,-13.88816093
1_1_2_155,3,33.59645068,-13.87492708
1_1_2_156,3,33.59780251,-13.87371884
1_1_2_157,3,33.59260976,-13.87236478
1_1_2_158,3,33.59344661,-13.87032326
1_1_2_159,3,33.5857433,-13.87330221
1_1_2_160,3,33.58200967,-13.87363552
1_1_2_161,3,33.58089387,-13.87267726
1_1_2_162,3,33.59562451,-13.82806146
1_1_2_163,3,33.59579617,-13.82572784
1_1_2_164,3,33.60160525,-13.81958693
1_1_2_165,3,33.60272105,-13.81887848
1_1_2_166,3,33.6046737,-13.81875346
1_1_2_167,3,33.60679801,-13.81819088
1_1_2_168,3,33.61209805,-13.81760745
1_1_2_169,3,33.61344988,-13.81829506
1_1_2_170,3,33.61413653,-13.81935773
1_1_2_171,3,33.61353571,-13.82235817
1_1_2_172,3,33.61218388,-13.8230666
1_1_2_173,3,33.61016686,-13.82435844
1_1_2_174,3,33.60784943,-13.82014951
1_1_2_175,3,33.60237772,-13.81385773
1_1_2_176,3,33.60154088,-13.81256583
1_1_2_177,3,33.60261376,-13.80939856
1_1_2_178,3,33.6003607,-13.81012787
1_1_2_179,3,33.60008175,-13.80718978
1_1_2_180,3,33.61505921,-13.80679386
1_1_2_181,3,33.61512358,-13.80514768
1_1_2_182,3,33.61016686,-13.80762737
1_1_2_183,3,33.61033852,-13.80818998
1_1_2_184,3,33.61038144,-13.80904432
1_1_2_185,3,33.61151869,-13.81121141
1_1_2_186,3,33.61248429,-13.8106488
1_1_2_187,3,33.6122268,-13.81050294
1_1_2_188,3,33.61173327,-13.8082525
1_1_2_189,3,33.61160452,-13.80696057
1_1_2_190,3,33.60900815,-13.80564779
1_1_2_191,3,33.6083215,-13.80548109
1_1_2_192,3,33.6073559,-13.80560611
1_1_2_193,3,33.60679801,-13.80527271
1_1_2_194,3,33.60385922,-13.80375243
1_1_2_195,3,33.60312966,-13.803294
1_1_2_196,3,33.60237864,-13.80250215
1_1_2_197,3,33.60154179,-13.80131438
1_1_2_198,3,33.60096243,-13.80118935
1_1_2_199,3,33.60034016,-13.80041834
1_1_2_200,3,33.5994604,-13.79937642
1_1_2_201,3,33.59873084,-13.79906385
1_1_2_202,3,33.59838751,-13.79858457
1_1_2_203,3,33.60426691,-13.79912636
1_1_2_204,3,33.60379485,-13.79858457
1_1_2_205,3,33.60248593,-13.79748013
1_1_2_206,3,33.60456732,-13.79462523
1_1_2_207,3,33.60639122,-13.79404175
1_1_2_208,3,33.606756,-13.79491698
1_1_2_209,3,33.60351147,-13.79170779
1_1_2_210,3,33.60550704,-13.78901954
1_1_2_211,3,33.92948662,-11.46141827
1_1_2_212,3,33.92938469,-11.46093984
1_1_2_213,3,33.92907892,-11.46078737
1_1_2_214,3,33.92901991,-11.462822
1_1_2_215,3,33.92768417,-11.46311116
1_1_2_216,3,33.92702971,-11.46297972
1_1_2_217,3,33.93118958,-11.46305811
1_1_2_218,3,33.93277208,-11.46281627
1_1_2_219,3,33.93054585,-11.46067649
1_1_2_220,3,33.92886142,-11.45983529
1_1_2_221,3,33.92699741,-11.46073542
1_1_2_222,3,33.92753921,-11.4588147
1_1_2_223,3,33.92688475,-11.45880419
1_1_2_224,3,33.9263644,-11.45890408
1_1_2_225,3,33.92641334,-11.45576854
1_1_2_226,3,34.61298991,-15.99866822
1_1_2_227,3,34.62397624,-15.88246565
1_1_2_228,3,34.59651042,-16.062023
1_1_2_229,3,34.7063737,-15.89831542
1_1_2_230,3,34.86018229,-15.98282638
1_1_2_231,3,34.87116862,-15.98282638
1_1_2_232,3,34.83820963,-16.08841488
1_1_2_233,3,34.79426432,-16.22032159
1_1_2_234,3,34.81623698,-16.22032159
1_1_2_235,3,34.88215495,-16.22032159
1_1_2_236,3,34.97553874,-16.27833261
1_1_2_237,3,34.99201823,-16.3415978
1_1_2_238,3,35.02497721,-16.39957291
1_1_2_239,3,35.07990885,-16.39430316
1_1_2_240,3,35.07990885,-16.43645718
1_1_2_241,3,35.07990885,-16.46806669
1_1_2_242,3,35.10188151,-16.51020469
1_1_2_243,3,35.10188151,-16.51547129
1_1_2_244,3,35.01399088,-16.51020469
1_1_2_245,3,34.99201823,-16.69445017
1_1_2_246,3,34.99201823,-16.68918847
1_1_2_247,3,35.23921061,-17.07290934
1_1_2_248,3,35.2556901,-17.09916295
1_1_2_249,3,35.2556901,-17.09916295
1_1_2_250,3,35.2721696,-17.09916295
1_1_2_251,3,35.01399088,-16.68392663
1_1_2_252,3,35.03596354,-16.74705921
1_1_2_253,3,35.14582682,-16.49440401
1_1_2_254,3,35.09638835,-16.51547129
1_1_2_255,3,35.09638835,-16.51547129
1_1_2_256,3,35.10188151,-16.47333444
1_1_2_257,3,34.92610026,-16.01978872
1_1_2_258,3,34.90962077,-16.01978872
1_1_2_259,3,34.9041276,-16.05146527
1_1_2_260,3,34.89314128,-16.05146527
1_1_2_261,3,34.79426432,-15.92472892
1_1_2_262,3,34.72285319,-15.90888124
1_1_2_263,3,34.53608561,-15.87189845
1_1_2_264,3,34.4921403,-15.94585722
1_1_2_265,3,34.54157878,-15.96698329
1_1_2_266,3,34.5525651,-16.00922875
1_1_2_267,3,35.1485734,-16.38376323
1_1_2_268,3,35.11561442,-16.35214001
1_1_2_269,3,35.09913493,-16.32314757
1_1_2_270,3,35.1952653,-16.40220773
1_1_2_271,3,35.04145671,-16.39693805
1_1_2_272,3,35.03321696,-16.4390915
1_1_2_273,3,35.04969645,-16.45489669
1_1_2_274,3,35.00025797,-16.40484252
1_1_2_275,3,34.96455241,-16.36795226
1_1_2_276,3,34.92335368,-16.39693805
1_1_2_277,3,34.88764811,-16.38639826
1_1_2_278,3,34.86567546,-16.38903326
1_1_2_279,3,34.83820963,-16.39166823
1_1_2_280,3,34.86018229,-16.01186879
1_1_2_281,3,34.82722331,-15.95377976
1_1_2_282,3,34.79151774,-15.92737008
1_1_2_283,3,34.87116862,-16.03562762
1_1_2_284,3,34.92335368,-16.17020741
1_1_2_285,3,34.89863444,-16.22823319
1_1_2_286,3,34.86018229,-16.24141849
1_1_2_287,3,34.85468913,-16.22295883
1_1_2_288,3,34.82996989,-16.22823319
1_1_2_289,3,34.86292887,-16.24932924
1_1_2_290,3,34.86567546,-16.2546029
1_1_2_291,3,34.90962077,-16.27305959
1_1_2_292,3,34.75031901,-16.2387815
1_1_2_293,3,34.74207926,-16.24141849
1_1_2_294,3,34.74757243,-16.2546029
1_1_2_295,3,34.76405192,-16.24932924
1_1_2_296,3,34.60749674,-15.8745403
1_1_2_297,3,34.61848307,-15.8930323
1_1_2_298,3,34.64594889,-15.9115226
1_1_2_299,3,34.60475016,-15.9194465
1_1_2_300,3,34.599257,-15.9035984
1_1_2_301,3,34.66517497,-15.95377976
1_1_2_302,3,34.6596818,-15.97754549
1_1_2_303,3,34.65418864,-16.01978872
1_1_2_304,3,34.64594889,-16.06994094
1_1_2_305,3,34.89588786,-15.83490888
1_1_2_306,3,34.87666178,-15.88246565
1_1_2_307,3,34.86842204,-15.88246565
1_1_2_308,3,34.86842204,-15.89831542
1_1_2_309,3,34.88215495,-15.89831542
1_1_2_310,3,34.90138102,-15.90623983
1_1_2_311,3,34.89863444,-15.90888124
1_1_2_312,3,34.59376383,-15.92208772
1_1_2_313,3,34.5525651,-15.87718212
1_1_2_314,3,34.59376383,-15.83490888
1_1_2_315,3,34.6294694,-15.80319813
1_1_2_316,3,34.69264079,-15.8084836
1_1_2_317,3,34.56080485,-15.90095692
1_1_2_318,3,34.53608561,-15.95906127
1_1_2_319,3,34.51136637,-15.95906127
1_1_2_320,3,34.54981852,-15.99338775
1_1_2_321,3,34.63496256,-15.95113894
1_1_2_322,3,34.60475016,-15.9432163
1_1_2_323,3,34.67066813,-15.9035984
1_2_0,4,35.07789006,-15.76066954
1_2_1,4,35.07808318,-15.76075215
1_2_2,4,35.07549753,-15.75930657
1_2_3,4,35.07524004,-15.76029783
1_2_4,4,35.07484307,-15.75944081
1_2_5,4,35.07476797,-15.75986415
1_2_6,4,35.07991928,-15.75908881
1_2_7,4,35.07991928,-15.75861384
1_2_8,4,35.0866258,-15.7583144
1_2_9,4,35.08737682,-15.75825244
1_2_10,4,35.08732318,-15.75889263
1_2_11,4,35.08665799,-15.75927467
1_2_12,4,35.08736609,-15.75945021
1_2_13,4,35.08797764,-15.75947086
1_2_14,4,35.08867501,-15.75842798
1_2_15,4,35.08825659,-15.75818016
1_2_16,4,35.08796691,-15.7575503
1_2_17,4,35.08579968,-15.75765356
1_2_18,4,35.09090661,-15.75868612
1_2_19,4,35.09130358,-15.75941923
1_2_20,4,35.09232281,-15.75871709
1_2_21,4,35.09275197,-15.75800463
1_2_22,4,35.10132521,-15.7509741
1_2_23,4,35.10245173,-15.75134584
1_2_24,4,35.0981602,-15.75082954
1_2_25,4,35.0981602,-15.75139747
1_2_26,4,35.10216206,-15.7499002
1_2_27,4,35.10163634,-15.74964205
1_2_28,4,35.10318129,-15.74984857
1_2_29,4,35.10382503,-15.7494665
1_2_30,4,35.10458677,-15.74935292
1_2_31,4,35.10606735,-15.74997248
1_2_32,4,35.10662525,-15.75025128
1_2_33,4,35.10918653,-15.74886946
1_2_34,4,35.11078512,-15.74785751
1_2_35,4,35.11011993,-15.74759935
1_2_36,4,35.11285579,-15.74904501
1_2_37,4,35.10309721,-15.746231
1_2_38,4,35.10187412,-15.74367008
1_2_39,4,35.09743239,-15.74470271
1_2_40,4,35.09485747,-15.74511576
1_2_41,4,35.09794826,-15.69965865
1_2_42,4,35.09906406,-15.70017508
1_2_43,4,35.09955759,-15.69817133
1_2_44,4,35.10326976,-15.69833659
1_2_45,4,34.96486274,-15.73371999
1_2_46,4,34.96357528,-15.72938267
1_2_47,4,34.96572105,-15.72533442
1_2_48,4,34.96821014,-15.72810211
1_2_49,4,34.96945468,-15.72971314
1_2_50,4,34.97091381,-15.73037407
1_2_51,4,34.97091381,-15.73215031
1_2_52,4,34.97788755,-15.7340298
1_2_53,4,34.95986311,-15.72938267
1_2_54,4,34.95874198,-15.65850553
1_2_55,4,34.95899947,-15.65867083
1_2_56,4,33.56836553,-13.89101796
1_2_57,4,33.56810804,-13.8912471
1_2_58,4,33.56978174,-13.88349817
1_2_59,4,33.58859717,-13.89081611
1_2_60,4,33.58889758,-13.8906703
1_2_61,4,33.58557164,-13.88287969
1_2_62,4,33.58617246,-13.88350462
1_2_63,4,33.59361827,-13.88236383
1_2_64,4,33.59163777,-13.86337493
1_2_65,4,33.59099404,-13.86345826
1_2_66,4,33.58895556,-13.85920837
1_2_67,4,33.58270745,-13.86841637
1_2_68,4,33.58214955,-13.86806222
1_2_69,4,33.57144615,-13.86587715
1_2_70,4,33.57159636,-13.86631463
1_2_71,4,33.56962225,-13.85757843
1_2_72,4,33.5671117,-13.85489094
1_2_73,4,33.58406368,-13.84752031
1_2_74,4,33.58977015,-13.84197137
1_2_75,4,33.59952214,-13.83860583
1_2_76,4,33.59649481,-13.78660217
1_2_77,4,33.60336127,-13.78741491
1_2_78,4,33.60243859,-13.79299981
1_2_79,4,33.59716,-13.78324699
1_2_80,4,33.59698834,-13.78064201
1_2_81,4,33.59664502,-13.78049613
1_2_82,4,33.59769389,-13.77510263
1_2_83,4,33.59898135,-13.77485254
1_2_84,4,33.58669347,-13.77228954
1_2_85,4,33.58637161,-13.77051807
1_2_86,4,33.58735866,-13.76916341
1_2_87,4,33.5827238,-13.76766285
1_2_88,4,33.58478374,-13.76849649
1_2_89,4,33.58193207,-13.77834206
1_2_90,4,33.58098793,-13.77713333
1_2_91,4,33.580194,-13.77767518
1_2_92,4,33.57298422,-13.780176
1_2_93,4,33.57340727,-13.78222704
1_2_94,4,33.57345018,-13.78237292
1_2_95,4,33.57893376,-13.78510293
1_2_96,4,33.56644851,-13.75881111
1_2_97,4,33.52800481,-13.7223381
1_2_98,4,33.53212468,-13.72267162
1_2_99,4,33.79923135,-12.0625623
1_2_100,4,33.80472452,-12.03872354
1_2_101,4,33.78000528,-12.04577466
1_2_102,4,33.82395059,-11.95913382
1_2_103,4,33.82532388,-11.8495273
1_2_104,4,33.82669717,-11.86800704
1_2_105,4,33.80893581,-11.86540443
1_2_106,4,33.80455845,-11.8590206
1_2_107,4,33.80069607,-11.8589366
1_2_108,4,33.79400127,-11.84961258
1_2_109,4,33.79048222,-11.85162861
1_2_110,4,33.79065388,-11.85935659
1_2_111,4,33.78953808,-11.86540443
1_2_112,4,33.7856757,-11.88321116
1_2_113,4,33.78533237,-11.88556291
1_2_114,4,33.78207081,-11.8881666
1_2_115,4,33.81616328,-11.87825563
1_2_116,4,33.84628977,-11.86473205
1_2_117,4,33.84980883,-11.85801221
1_2_118,4,33.83504595,-11.84684011
1_2_119,4,33.82388796,-11.84541207
1_2_120,4,33.82131304,-11.84095987
1_2_121,4,33.81942477,-11.84432002
1_2_122,4,33.80285944,-11.83449147
1_2_123,4,33.79539217,-11.83650761
1_2_124,4,33.80079951,-11.81768969
1_2_125,4,33.80423274,-11.82029404
1_2_126,4,33.81067004,-11.8192019
1_2_127,4,33.80474772,-11.81298501
1_2_128,4,33.80148615,-11.81021257
1_2_129,4,33.79599299,-11.80928842
1_2_130,4,33.79624874,-11.79841456
1_2_131,4,33.7941888,-11.80034695
1_2_132,4,33.79230053,-11.79547393
1_2_133,4,33.79564792,-11.79286936
1_2_134,4,33.80723507,-11.79631412
1_2_135,4,33.80826503,-11.79228122
1_2_136,4,33.81212742,-11.79866661
1_2_137,4,33.81384403,-11.79681822
1_2_138,4,33.81616146,-11.80017892
1_2_139,4,33.81470234,-11.80278342
1_2_140,4,33.84030651,-11.81849397
1_2_141,4,33.84528469,-11.81983814
1_2_142,4,33.83886957,-11.77624394
1_2_143,4,33.83663797,-11.77229477
1_2_144,4,33.82977151,-11.76935387
1_2_145,4,33.82616662,-11.76994205
1_2_146,4,33.79974686,-11.75447032
1_2_147,4,33.80103432,-11.75110907
1_2_148,4,33.79356705,-11.75194939
1_2_149,4,33.80086266,-11.75539466
1_2_150,4,33.77820336,-11.74178138
1_2_151,4,33.78017746,-11.73833594
1_2_152,4,33.7822374,-11.73556275
1_2_153,4,33.77931916,-11.72598241
1_2_154,4,33.77571427,-11.73018436
1_2_155,4,33.7833532,-11.72993224
1_2_156,4,33.83442246,-11.74969573
1_2_157,4,33.8353666,-11.75339312
1_2_158,4,33.8222345,-11.75507374
1_2_159,4,33.82008873,-11.75650225
1_2_160,4,33.88146632,-11.74577978
1_2_161,4,33.88318293,-11.74535961
1_2_162,4,33.83374708,-11.66760991
1_2_163,4,33.8354637,-11.6652563
1_2_164,4,33.78428951,-11.65221767
1_2_165,4,33.79593018,-11.61484056
1_2_166,4,33.79610185,-11.61542907
1_2_167,4,33.78065232,-11.61980083
1_2_168,4,33.77730493,-11.62030526
1_2_169,4,33.92438559,-11.45633635
1_2_170,4,33.92392425,-11.45628377
1_2_171,4,33.92368822,-11.45606296
1_2_172,4,33.92326979,-11.45603667
1_2_173,4,33.92867176,-11.45384427
1_2_174,4,33.9282587,-11.45285584
1_2_175,4,33.92828016,-11.45217235
1_2_176,4,33.92847864,-11.45191472
1_2_177,4,33.92832307,-11.45097361
1_2_178,4,33.92917602,-11.45122072
1_2_179,4,33.92949788,-11.45194101
1_2_180,4,33.92466794,-11.4444523
1_2_181,4,33.92409395,-11.44493602
1_2_182,4,33.92411541,-11.44544076
1_2_183,4,33.92418514,-11.44413684
1_2_184,4,33.92631482,-11.44418942
1_2_185,4,33.9275379,-11.44438395
1_2_186,4,33.92789196,-11.44485189
1_2_187,4,33.92454992,-11.44307477
1_2_188,4,33.92507027,-11.44281188
1_2_189,4,33.92511319,-11.44314838
1_2_190,4,33.92412614,-11.44277507
1_2_191,4,33.92341732,-11.44218094
1_2_192,4,33.92102077,-11.4421902
1_2_193,4,33.91976724,-11.44328664
1_2_194,4,33.91886602,-11.44256632
1_2_195,4,33.91893039,-11.44408368
1_2_196,4,33.91866753,-11.4442309
1_2_197,4,33.91865144,-11.44453585
1_2_198,4,33.91897331,-11.4443308
1_2_199,4,33.91995611,-11.44038923
1_2_200,4,33.919881,-11.44009479
1_2_201,4,33.91939821,-11.43988447
1_2_202,4,33.92046573,-11.44026304
1_2_203,4,33.92095925,-11.43988973
1_2_204,4,33.92041339,-11.43588653
1_2_205,4,33.9209391,-11.43683821
1_2_206,4,33.91942774,-11.43604427
1_2_207,4,33.91885911,-11.43610736
1_2_208,4,33.91961549,-11.43509258
1_2_209,4,33.91658996,-11.43607056
1_2_210,4,33.91523813,-11.43698543
1_2_211,4,33.9140955,-11.43594962
1_2_212,4,33.91194437,-11.43655954
1_2_213,4,33.91152058,-11.43629665
1_2_214,4,33.91095196,-11.43590756
1_2_215,4,33.91072129,-11.4357025
1_2_216,4,33.91032968,-11.43624933
1_2_217,4,33.90995417,-11.43629665
1_2_218,4,33.90971814,-11.43618097
1_2_219,4,33.90961085,-11.43689079
1_2_220,4,33.91079102,-11.43706956
1_2_221,4,33.91371075,-11.4385035
1_2_222,4,33.91239111,-11.43907135
1_2_223,4,33.91509603,-11.44012607
1_2_224,4,33.9166088,-11.44079381
1_2_225,4,33.91575049,-11.44087794
1_2_226,4,33.91598101,-11.44202782
1_2_227,4,33.91626532,-11.44264169
1_2_228,4,33.91414101,-11.44287829
1_2_229,4,34.02226237,-12.82517584
1_2_230,4,33.92063883,-12.80375044
1_2_231,4,34.01127604,-12.73008679
1_2_232,4,34.05247477,-12.85864936
1_2_233,4,34.05522135,-12.94967473
1_2_234,4,33.99754313,-13.02728775
1_2_235,4,33.99616984,-13.11958881
1_2_236,4,34.06758097,-13.14767357
1_2_237,4,34.0785673,-13.06474742
1_2_238,4,34.10191325,-12.88542496
1_2_239,4,34.10740641,-12.75687605
1_2_240,4,34.0634611,-12.52371507
1_2_241,4,34.04286173,-12.62022127
1_2_242,4,34.05934122,-12.66846075
1_2_243,4,33.96595743,-12.65506181
1_2_244,4,33.89591959,-12.73812387
1_2_245,4,33.87120035,-12.80107214
1_2_246,4,34.07444742,-12.97510235
1_2_247,4,34.00440958,-12.88140881
1_2_248,4,33.96046427,-12.81111563
1_2_249,4,33.91102579,-12.81178518
1_2_250,4,33.88973978,-12.81379382
1_2_251,4,33.95085123,-12.69592637
1_2_252,4,34.00234965,-12.67783959
1_2_253,4,34.06140116,-12.71937029
1_2_254,4,34.10740641,-12.90349688
1_2_255,4,34.02569559,-12.89278775
1_2_256,4,34.01127604,-13.02193591
1_2_257,4,33.98999003,-13.04735614
1_2_258,4,33.96252421,-13.06340967
1_2_259,4,34.13349894,-13.08748801
1_2_260,4,34.08474711,-13.11022651
1_2_261,4,34.06483439,-13.10353893
1_2_262,4,34.02638224,-13.15168541
1_2_263,4,34.00440958,-13.21319216
1_2_264,4,34.02088908,-13.17174366
1_2_265,4,33.97694376,-13.16906932
1_2_266,4,33.96321085,-13.2058389
1_2_267,4,33.95771769,-13.25329691
1_2_268,4,33.92887858,-13.26131706
1_2_269,4,33.91102579,-13.2746834
1_2_270,4,34.06758097,-13.28002973
1_2_271,4,34.06208781,-13.29406329
1_2_272,4,34.03462199,-13.29205855
1_2_273,4,34.03462199,-13.10955776
1_2_274,4,33.96664408,-13.08146865
1_2_275,4,33.9412382,-13.08815682
1_2_276,4,34.15135172,-13.05270743
1_2_277,4,34.17195109,-13.03330844
1_2_288,4,33.74669493,-14.40807247
1_2_289,4,33.79064024,-14.50381896
1_2_290,4,33.81810606,-14.50913699
1_2_291,4,33.83458555,-14.46127006
1_2_292,4,33.75768126,-14.40275201
1_2_293,4,33.77416075,-14.40009174
1_2_294,4,33.54894102,-14.28034657
1_2_295,4,33.55443419,-14.40009174
1_2_296,4,33.57640684,-14.43733272
1_2_297,4,33.63408507,-14.51711381
1_2_298,4,33.6588043,-14.56762697
1_2_299,4,33.49675597,-14.38146892
1_2_300,4,33.48027647,-14.32292996
1_2_301,4,33.40611876,-14.22710601
1_2_302,4,33.49950255,-14.25372786
1_2_303,4,33.55718077,-14.27502308
1_2_304,4,34.24931944,-14.30962351
1_2_305,4,34.19988097,-14.22710601
1_2_306,4,35.49626768,-14.43201296
1_2_307,4,35.47704161,-14.53040787
1_2_308,4,35.50176085,-14.50381896
1_2_309,4,35.30400694,-14.12058729
1_2_310,4,35.33696593,-14.24307949
1_2_311,4,35.34795225,-14.29897779
1_2_312,4,34.97991026,-14.56231034
1_2_313,4,34.94695128,-14.57294348
1_2_314,4,34.95244444,-14.57825985
2_0,1,33.91851903,-13.35688219
2_1,1,33.91876579,-13.35569219
2_2,1,33.91930223,-13.35508674
2_3,1,33.91903401,-13.35431428
2_4,1,33.92093302,-13.35414726
2_5,1,33.92004252,-13.35458568
2_6,1,33.92433406,-13.35393848
2_7,1,33.92002107,-13.36020556
2_8,1,33.91973139,-13.35990284
2_9,1,33.92184497,-13.36205316
2_10,1,33.92062188,-13.36074836
2_11,1,33.9236796,-13.36082143
2_12,1,33.9208901,-13.3628581
2_13,1,33.92092229,-13.36257626
2_14,1,33.92057897,-13.36220048
2_15,1,33.91109697,-13.363616
2_16,1,33.91058198,-13.36388739
2_17,1,33.91017429,-13.36365775
2_18,1,33.90964858,-13.36370994
2_19,1,33.90959493,-13.36384564
2_20,1,33.90797488,-13.36183104
2_21,1,33.90806071,-13.36216506
2_22,1,33.91087166,-13.36201893
2_23,1,33.91147248,-13.36206068
2_24,1,33.91154758,-13.36225901
2_25,1,33.90661899,-13.36364731
2_26,1,33.90629713,-13.36364731
2_27,1,33.9018232,-13.362092
2_37,1,33.81612078,-14.0050362
2_38,1,33.81303087,-14.01286432
2_39,1,33.82058397,-14.02035908
2_40,1,33.82024065,-14.03085134
2_41,1,33.80959764,-14.03867858
2_42,1,33.80101458,-14.04350802
2_43,1,33.83363024,-14.00153844
2_44,1,33.83775011,-14.00636866
2_45,1,33.82882372,-14.00886701
2_46,1,35.30920182,-15.41506494
2_47,1,35.30984555,-15.41475466
2_48,1,35.3108326,-15.41405134
2_49,1,35.31111155,-15.41380311
2_50,1,35.31205569,-15.41320322
2_51,1,35.31688366,-15.40939697
2_52,1,35.31639014,-15.41049334
2_53,1,35.31675492,-15.41111393
2_54,1,35.31542454,-15.41140353
2_55,1,35.31375084,-15.41140353
2_56,1,35.31731282,-15.40892119
2_57,1,35.31729136,-15.40805236
2_58,1,35.31834278,-15.40869364
2_59,1,35.31855736,-15.40802133
2_60,1,35.31898651,-15.40848677
2_61,1,35.31888995,-15.40864192
2_62,1,35.32966171,-15.41177588
2_63,1,35.33023033,-15.41209652
2_64,1,35.32897506,-15.41084501
2_65,1,35.32892142,-15.41111393
2_66,1,35.32722626,-15.41036923
2_67,1,35.32716189,-15.41050369
2_68,1,35.32349263,-15.41174485
2_69,1,35.32352481,-15.4119724
2_70,1,35.3225163,-15.41135182
2_71,1,35.32018814,-15.41096912
2_72,1,35.31954441,-15.41105187
2_73,1,35.31878267,-15.40987276
2_74,1,35.31858955,-15.40992447
2_75,1,35.33145737,-15.39617802
2_76,1,35.33025574,-15.39599183
2_77,1,35.33018064,-15.39615734
2_78,1,35.32459092,-15.39502986
2_79,1,35.32478404,-15.39526777
2_80,1,35.32471966,-15.39455404
2_81,1,35.32444071,-15.39467816
2_82,1,35.32319617,-15.39647799
2_83,1,35.32527756,-15.39658143
2_84,1,35.35376262,-15.3866615
2_85,1,35.35560798,-15.38819245
2_86,1,35.35796833,-15.3900544
2_87,1,35.35749626,-15.39050954
2_88,1,35.35045814,-15.38860622
2_89,1,35.35217475,-15.39059229
2_90,1,35.35247516,-15.38517192
2_91,1,35.35217475,-15.38314441
2_92,1,35.3355236,-15.3871994
2_93,1,35.02224189,-15.79658767
2_94,1,35.0214265,-15.79832203
2_95,1,35.02241355,-15.79964344
2_96,1,35.01936656,-15.79489458
2_97,1,35.01910907,-15.79324277
2_98,1,35.01859409,-15.79192132
2_99,1,35.01782161,-15.79076504
2_100,1,35.0164054,-15.79121929
2_101,1,35.00640148,-15.78620904
2_102,1,35.00562901,-15.78612645
2_103,1,35.00498528,-15.78497013
2_104,1,35.00434155,-15.78596126
2_105,1,35.00567192,-15.78653941
2_106,1,35.00524277,-15.78839775
2_107,1,35.00468487,-15.78802609
2_108,1,34.98022312,-15.77964275
2_109,1,34.9804377,-15.78034482
2_110,1,34.98078102,-15.78063391
2_111,1,34.98026604,-15.78319436
2_112,1,34.97957939,-15.78179024
2_113,1,34.97996563,-15.78319436
2_114,1,34.98035187,-15.78385511
2_115,1,34.97447247,-15.77749524
2_116,1,34.97434372,-15.77629758
2_117,1,34.97391457,-15.77737135
2_118,1,35.00511402,-15.77357185
2_119,1,35.0036549,-15.77439783
2_120,1,35.00601524,-15.77547161
2_121,1,35.00133747,-15.77171337
2_122,1,35.00125164,-15.76960708
2_123,1,35.00168079,-15.76547702
2_124,1,35.003097,-15.76733556
2_125,1,35.00416988,-15.76960708
2_126,1,35.00854725,-15.77154817
2_127,1,35.00837559,-15.76985488
2_128,1,35.00787327,-15.76396125
2_129,1,35.00967571,-15.76342433
2_130,1,35.00847408,-15.76069842
2_131,1,35.00800201,-15.75933546
2_132,1,35.00401089,-15.75954197
2_133,1,35.0031955,-15.76197878
2_134,1,35.00027725,-15.76503508
2_135,1,34.99881813,-15.76668711
2_136,1,34.9981744,-15.76916514
2_137,1,34.99461243,-15.76693492
2_138,1,34.9959428,-15.76652191
2_139,1,34.99422619,-15.76780223
2_140,1,34.9939687,-15.76858694
2_141,1,34.98135159,-15.76681102
2_142,1,34.97839043,-15.76697622
2_143,1,34.97877667,-15.76838044
2_144,1,34.98070786,-15.77056934
2_145,1,34.98049328,-15.76371344
2_146,1,34.97963497,-15.76268091
2_147,1,34.98079369,-15.76102884
2_148,1,34.98208115,-15.76036801
2_149,1,34.98371193,-15.75987238
2_150,1,34.98272488,-15.75751815
2_151,1,34.98203823,-15.75640298
2_152,1,34.97877667,-15.75904634
2_153,1,35.044129,-15.7757704
2_154,1,35.0463606,-15.77238387
2_155,1,35.03846417,-15.77436623
2_156,1,35.04052411,-15.7757704
2_157,1,35.04335652,-15.77486182
2_158,1,35.03983747,-15.77279686
2_159,1,35.03631841,-15.76676705
2_160,1,35.03485929,-15.76709745
2_161,1,35.03331433,-15.76808867
2_162,1,34.7946657,-16.03114865
2_163,1,34.79445112,-16.03096304
2_164,1,34.79190839,-16.02990094
2_165,1,34.79218734,-16.03005562
2_166,1,34.79214442,-16.03019998
2_167,1,34.78935493,-16.0288079
2_168,1,34.78978408,-16.03076712
2_169,1,34.78996647,-16.03122083
2_170,1,34.80245731,-16.04799026
2_171,1,34.80288647,-16.04754689
2_172,1,34.80288647,-16.04709322
2_173,1,34.8052039,-16.04634053
2_174,1,34.8054292,-16.04628898
2_175,1,34.79888461,-16.04651582
2_176,1,34.7966101,-16.04569095
2_177,1,34.79576252,-16.04552597
2_178,1,34.80945252,-16.05051637
2_179,1,34.8121991,-16.04882542
2_180,1,34.79518316,-16.05226917
2_181,1,34.80104111,-16.04894915
2_182,1,34.02127038,-11.44447899
2_183,1,34.02152787,-11.44254413
2_184,1,34.02169953,-11.44031481
2_185,1,34.02011166,-11.44048307
2_186,1,34.01689301,-11.4358982
2_187,1,34.01813755,-11.43455217
2_188,1,34.01929627,-11.4354355
2_189,1,34.02032624,-11.43509899
2_190,1,34.02199994,-11.4374966
2_191,1,34.02457486,-11.43816961
2_192,1,34.02719269,-11.43888468
2_193,1,34.02873765,-11.43842199
2_194,1,34.02667771,-11.43606645
2_195,1,34.02513276,-11.43299581
2_196,1,34.02058445,-11.42997074
2_197,1,34.01577793,-11.4311906
2_198,1,34.01324593,-11.43085409
2_199,1,34.01496254,-11.42711036
2_200,1,34.01693665,-11.42732068
2_201,1,34.01835285,-11.42698417
2_202,1,34.02079903,-11.42673178
2_203,1,34.02195774,-11.42912946
2_204,1,33.99539315,-11.44759511
2_205,1,33.99487816,-11.45154887
2_206,1,34.00384747,-11.4454079
2_207,1,34.00530659,-11.44788954
2_208,1,34.00595032,-11.44927757
2_209,1,34.01079975,-11.4510862
2_210,1,34.01011311,-11.44326273
2_211,1,34.0072807,-11.43560729
2_212,1,33.98642384,-11.44578645
2_213,1,33.9871534,-11.44767923
2_214,1,33.97663914,-11.44528171
2_215,1,33.9784845,-11.44511346
2_216,1,34.00872045,-11.42086542
2_217,1,34.00672489,-11.41659573
2_218,1,34.00872045,-11.41661676
2_219,1,33.99530941,-11.41968758
2_220,1,33.9948588,-11.41981377
2_221,1,34.00500828,-11.40645759
2_222,1,34.00556618,-11.40631035
2_223,1,33.99745518,-11.40820339
2_224,1,33.99758392,-11.40875027
2_225,1,33.99801308,-11.4084558
2_226,1,34.00056654,-11.39579079
2_227,1,34.00015884,-11.39593804
2_228,1,34.00837713,-11.39572769
2_229,1,33.92758578,-9.946485593
2_230,1,33.92745703,-9.946496161
2_231,1,33.92680257,-9.947637457
2_232,1,33.92427057,-9.945640186
2_233,1,33.92476409,-9.945809268
2_234,1,33.92488211,-9.94482648
2_235,1,33.92596572,-9.945185779
2_236,1,33.92595499,-9.944720803
2_237,1,33.92641633,-9.944720803
2_238,1,33.92664164,-9.944932156
2_239,1,33.92765015,-9.94527032
2_240,1,33.92780035,-9.944963859
2_241,1,33.92817586,-9.944932156
2_242,1,33.90756577,-9.956070245
2_243,1,33.90782326,-9.95593287
2_244,1,33.91103118,-9.954464016
2_245,1,33.91148179,-9.954231535
2_246,1,33.91136378,-9.954495718
2_247,1,33.91143888,-9.954633093
2_248,1,33.91143888,-9.954833872
2_249,1,33.91090244,-9.954918411
